first_name,last_name,email
Alice,Johnson,alice.j@email.com
Bob,Smith,bob.smith@email.com
Carol,Brown,c.brown@email.com
David,Wilson,d.wilson@email.com
Eva,Davis,eva.d@email.com
Frank,Miller,f.miller@email.com
Grace,Lee,grace.lee@email.com
Henry,Taylor,h.taylor@email.com
Ivy,Chen,ivy.chen@email.com
Jack,Brown,j.brown@email.com
Karen,White,k.white@email.com
Leo,Garcia,leo.g@email.com
Maria,Rodriguez,m.rodriguez@email.com
Nick,Anderson,nick.a@email.com
Olivia,Thomas,o.thomas@email.com
